Artist,Song
Janet,Doesn't Really Matter
The Fray,Over My Head
Kittie,Get Off
Elvis Presley,A Little Less Conversation
Alvvays,"Archie, Marry Me"
Super Furry Animals,Do Or Die
Lindsay Lohan,Rumors
All,Just Perfect
Delta Goodrem,In This Life
Emmelie de Forest,Only Teardrops
Paris Hilton,Come Alive
Pavement,Forklift
Edwin Starr,War
Robyn,Giving You Back
Super Furry Animals,Fire In My Heart
Axelle Red,Sensualité
T.I.,No Matter What
Anastacia,Paid My Dues
LMFAO,Party Rock Anthem
Celia Cruz,Rie Y Llora
RBD,Ser o Parecer
Tears For Fears,Shout
Pink Floyd,Run Like Hell
Audioslave,Cochise
Thalia,Entre el Mar y una Estrella
Simple Minds,Don't You Forget About Me
The Bronx,Young Bloods
Miley Cyrus,Party In The USA
Hilary Duff,Wake Up
Super Furry Animals,Night Vision
Golden Earring,Twilight Zone
Ivy Queen,I Do
Britney Spears,Till The World Ends
Beyonce,Rocket
Rihanna,If It's Lovin' That You Want
Laura Marling,Ghosts
Janet Jackson,Got 'Til It's Gone
Misfits,Horror Business
Super Furry Animals,Hello Sunshine
Amine,J'voulais
Juan Gabriel,Pero Qué Necesidad
Aaliyah,If Your Girl Only Knew
Bob Dylan,My Back Pages
Luis Miguel,"America, America"
Delta Goodrem,Believe Again
Ricky Martin,Nobody Wants to Be Lonely
Kenny Loggins,Danger Zone
David Axelrod,Holy Thursday
The Saturdays,Missing You
Amy Winehouse,Back to Black
Billy Idol,Shock To The System
Madonna,I'll Remember
Usher,Euphoria
A Camp,Stronger Than Jesus
Alicia Keys,New Day
Artie Shaw,Stardust
Judy Collins,Both Sides Now
Romeo Santos,Mi Santa
Kelly Clarkson,Save You
Johnny Cash,Ring of Fire
Justin Timberlake,Summer Love
Tyga,Rack City
Lady Gaga,Bad Romance
Joe Jonas,See No More
Sly Fox,Let's Go All The Way
ESG,Moody
Kelly Clarkson,Wrapped in Red
Jonas Brothers,A Little Bit Longer
Ke$ha,Your Love Is My Drug
Ayumi Hamasaki,M
Beyonce,Ave Maria
Steel Prophet,Neon Knights
The Outfield,Voices Of Babylon
Justin Timberlake,Mirrors
Azealia Banks,Liquorice
Van Hunt,Moving Targets
Leona Lewis,I Got You
Radiohead,Creep
Kelly Clarkson,Someone
Bob Dylan,Blowin' in the Wind
Common,The Light
Faithless,I Want More
Kelly Clarkson,Because Of You
Marilyn Manson,Tourniquet
Fleetwood Mac,Go Your Own Way
Pendulum,Another Planet
Plan B,ill Manors
Terry Callier,Occasional Rain
Ricky Martin,María
Dawn Richard,Gleaux
Jennette McCurdy,Generation Love
Armand Van Helden feat. Duane Harden,You Don't Know Me
Rihanna,Birthday Cake
Skrillex,Ragga Bomb
Kate Bush,Moving
Lana Del Rey,Summertime Sadness
Gary Glitter,Another Rock and Roll Christmas
Taylor Swift,New Romantics
Kelly Rowland,Grown Woman
Meshuggah,Future Breed Machine
Regine Velasquez,On The Wings Of Love
Garth Brooks,The Thunder Rolls
The Rapture,House of Jealous Lovers
Romeo Santos,Promise
Don Henley,All She Wants to Do Is Dance
Britney Spears,If U Seek Amy
The Cranberries,Linger
OneRepublic,If I Lose Myself
The Cars,Sad Song
Them,It's All Over Now Baby Blue
LL Cool J,Loungin
Girls' Generation,Catch Me If You Can
Crash Test Dummies,Mmm Mmm Mmm Mmm
Billy Talent,Try Honesty
Lana Del Rey,Young and Beautiful
Marilyn Manson,The Mephistopheles Of Los Angeles
Mudhoney,Touch Me I'm Sick
Marc Anthony,Da La Vuelta
Miley Cyrus,Who Owns My Heart
Led Zeppelin,The Ocean
Fleetwood Mac,Landslide
Jennifer Lopez,Dance Again
Michael Jackson,Man in the Mirror
Avril Lavigne,Here's to Never Growing Up
Super Furry Animals,Run-Away
Drake,The Resistance
The Rolling Stones,19th Nervous Breakdown
The Pretty Reckless,Make Me Wanna Die
Flo Rida,Wild Ones
Atomic Kitten,Whole Again
Misfits,Attitude
,Title
Blur,Girls & Boys
Van Halen,Jump
Coldplay,A Sky Full of Stars
Carlos Vives,Volví a Nacer
Madonna,Bitch I'm Madonna
Enter Shikari,Pack Of Thieves
Jennifer Lopez,Get Right
Girls Aloud,Something New
Blondie,Union City Blue
Robert Miles,Children
Ariana Grande,Problem
The Association,Windy
Aerosmith,Jaded
Nicola Roberts,Yo-Yo
,Track 7
Tracy Chapman,Fast Car
Gloria Estefan,Con Los Años Que Me Quedan
Bob Dylan,The Times They Are a-Changin'
Ke$ha,The Harold Song
REO Speedwagon,Keep On Loving You
Pitbull,Tu Cuerpo
David Bowie,Ziggy Stardust
Lana Del Rey,National Anthem
Jesse McCartney,Shake
Britney Spears,From the Bottom of My Broken Heart
Luis Miguel,Dormir Contigo
Chuck Berry,Maybellene
Lady Gaga,Speechless
The Moody Blues,Nights In White Satin
The Byrds,Full Circle
Ke$ha,Cannibal
Chris Brown,Turn Up the Music
Riot,Thundersteel
Elvis Presley,Wearin' That Loved on Look
Lana Del Rey,Video Games
Maroon 5,Sad
Super Furry Animals,Into The Night
Madvillain,Meat Grinder
Blink-182,What's My Age Again
Mariah Carey,Underneath the Stars
Metallica,Whiplash
Britney Spears,And Then We Kiss
Depeche Mode,It's No Good
Chayanne,Torero
Beyoncé,I Miss You
The Bronx,False Alarm
Beyoncé,Start Over
Romeo Santos,You
U2,I Still Haven't Found What I'm Looking For
Michelle Branch,Everywhere
Empire of the Sun,We Are the People
LMFAO,Champagne Showers
Katy Perry,Not Like the Movies
Janet Jackson,Together Again
Queensryche,Silent Lucidity
Super Furry Animals,Check It Out
The Chemical Brothers,The Boxer
,Feliz Navidad
Genesis,Misunderstanding
Daft Punk,Get Lucky
Girls' Generation,Run Devil Run
Miley Cyrus,Start All Over
Kraftwerk,Radioactivity
Super Furry Animals,Ysbeidiau Heulog
Descendents,Days Are Blood
Conway Twitty,It's Only Make Believe
,Gold
The Rolling Stones,Brown Sugar
Michael Jackson,This Time Around
Kelly Clarkson,Dark Side
Antestor,Rites of Death
Genesis,Invisible Touch
Swedish House Mafia,Greyhound
Coldplay,Yellow
Super Furry Animals,Ice Hockey Hair
JoJo,Disaster
Chris Brown,She Ain't You
Joe Jonas,Just in Love
Bob Sinclar,Rock the Boat
Corey Hart,Never Surrender
Super Furry Animals,Show Your Hand
Ivy Queen,Chika Ideal
Pharoahe Monch,Damage
Sheryl Crow,Strong Enough
Survivor,Eye Of The Tiger
Justice,D.A.N.C.E
Led Zeppelin,Immigrant Song
Mazzy Star,Into Dust
Coldplay,Fix You
Iio,Rapture
Katy Perry,I Kissed a Girl
David Bowie,Life on Mars
Alana Davis,32 Flavors
Robyn,Fembot
Luis Miguel,Por Debajo De La Mesa
Metallica,One
Girls' Generation,Mr.Mr.
Genesis,I Know What I Like
Misfits,Monster Mash
Tinashe,2 On
Tenacious D,Fuck Her Gently
Led Zeppelin,Carouselambra
Mariah Carey,Through The Rain
Girls Aloud,The Loving Kind
The Rolling Stones,Paint It Black
Ace Of Base,Beautiful Life
Dolly Parton,I Will Always Love You
Elvis Presley,Are You Lonesome Tonight
Justin Timberlake,Cabaret
Demi Lovato,Got Dynamite
Ricky Martin,She Bangs
Gloria Estefan,Mi Tierra
Meshuggah,Straws Pulled At Random
Anastacia,I'm Outta Love
Suede,Animal Nitrate
Leona Lewis,I Will Be
OneRepublic,Apologize
All,Shreen
Fela Kuti,Confusion
Daft Punk,Harder Better Faster Stronger
Marilyn Manson,No Reflection
Little Mix,Change Your Life
Avril Lavigne,Smile
Beyonce,Jealous
Breathe,Say A Prayer
Aerosmith,Dream On
Coldplay,The Scientist
Daniel Powter,Bad Day
The Meteors,Wreckin' Crew
DJ Jazzy Jeff & The Fresh Prince,Parents Just Don't Understand
Marilyn Manson,WOW
The Byrds,You Don't Miss Your Water
The Clash,Garageland
S Club,Alive
Elliott Smith,Pictures of Me
Blink 182,Stockholm Syndrome
Alejandro Sanz,Amiga Mia
Carly Rae Jepsen,Tonight I'm Getting Over You
Bilal,Slipping Away
Hilary Duff,So Yesterday
Daft Punk,Around The World
Nirvana,Heart Shaped Box
Breaking Benjamin,Into the Nothing
Jamiroquai,Virtual Insanity
Sara Bareilles,Brave
Beach Boys,Good Vibrations
Wang Chung,Dance Hall Days
Information Society,Pure Energy
Shara Nelson,Inside Out
,Treasure
Kelly Clarkson,Nostalgic
Supercell,Kimi no Shiranai Monogatari
Natasha Bedingfield,Pocketful of Sunshine
Ivy Queen,Dime
David Guetta,When Love Takes Over
Misfits,Hybrid Moments
The Killers,All These Things That I've Done
Madonna,Jump
Britney Spears,Work Bitch
Dr. Dre,Fuck Wit Dre Day
Ivy Queen,Que Lloren
Bob Dylan,It's All Over Now Baby Blue
Mariah Carey,Almost Home
The Cranberries,I Just Shot John Lennon
Maroon 5,Moves Like Jagger
Xtreme,"Shorty, Shorty"
Christina Aguilera,Si No Te Hubiera Conocido
Europe,The Final Countdown
Lindsay Lohan,Over
Nas,Stay
Girls Aloud,Call the Shots
Guy Sebastian,Who's That Girl
Skrillex,Recess
Genesis,Turn It On Again
Kelly Rowland,Commander
Flo Rida,I Cry
Descendents,Kabuki Girl
Cher,Could've Been You
Miike Snow,The Wave
Rihanna,Only Girl
Ricky Martin,Perdido Sin Ti
Domenico Modugno,Volare
Headhunterz,Colors
Pendulum,Showdown
Rihanna,Jump
Kelly Clarkson,Catch My Breath
Raphael Saadiq,100 Yard Dash
Rammstein,Du Hast
Bilal,Restart
Counting Crows,Mr. Jones
Kelly Clarkson,Einstein
Slayer,Raining Blood
Jonas Brothers,When You Look Me in the Eyes
Des'ree,Life
The Field,Then It's White
Rihanna,You Da One
Michael Jackson,Black Or White
Cher,Save Up All Your Tears
Tenacious D,Wonderboy
Taylor Swift,Picture to Burn
Aaliyah,Try Again
Queen,Don't Stop Me Now
,Yesterday
Four Tet,Everything Is Alright
Bruno Mars,Moonshine
All,She's My Ex
Swervedriver,The Birds
Red Hot Chili Peppers,Aeroplane
Lana Del Rey,West Coast
Sheryl Crow,If It Makes You Happy
New York Dolls,Trash
Eurythmics,Love Is A Stranger
David Bowie,Andy Warhol
Daddy Yankee,Lo Que Paso Paso
Rick Astley,Never Gonna Give You Up
Nas,The Don
Raphael Saadiq,Love That Girl
Carrie Underwood,Two Black Cadillacs
Madonna,Gang Bang
Incubus,You Will Be A Hot Dancer
The Byrds,All I Really Want To Do
The Byrds,You Ain't Goin' Nowhere
Barry White,Can't Get Enough Of Your Love Babe
Madonna,Hold Tight
The Beatles,I'm So Tired
Madonna,4 Minutes
Bruno Mars,Grenade
Supertramp,Crime of the Century
Pitbull,Get It Started
Eminem,Stan
The Byrds,Goin' Back
Ke$ha,Blow
The Black Crowes,Soul Singing
Super Furry Animals,No Sympathy
The Black Crowes,Kickin' My Heart Around
Jennifer Lopez,Jenny From The Block
Super Furry Animals,Northern Lites
Spice Girls,Move Over
T.S.O.L.,Code Blue
Ricky Martin,Vuelve
Carlos Ponce,Rezo
Swervedriver,Never Lose That Feeling
Christina Aguilera,What a Girl Wants
Debbie Harry,In Love With Love
Led Zeppelin,Ramble On
The Cranberries,Ode To My Family
Smashing Pumpkins,Cherub Rock
Fergie,Glamorous
Britney Spears,Breathe on Me
Janet Jackson,Go Deep
Led Zeppelin,Trampled Under Foot
Blur,Tender
The Clash,London Calling
Britney Spears,Touch of My Hand
Keri Hilson,Pretty Girl Rock
Radiohead,Pyramid Song
Diddy-Dirty Money,Coming Home
Luis Miguel,Sabor A Mi
O-Zone,Dragostea din tei
Taylor Swift,Style
Avicii,Wake Me Up
Azealia Banks,212
Link Wray,Rumble
KT Tunstall,Black Horse & The Cherry Tree
Sheryl Crow,Soak Up the Sun
Pink,Glitter In The Air
R.E.M.,Fall on Me
Misfits,Dig Up Her Bones
RBD,Solo Quédate en Silencio
Beverley Knight,Made It Back '99
Green Day,Let Yourself Go
Meshuggah,Bleed
Michael Jackson,Blood on the Dance Floor
Shara Nelson,One Goodbye In Ten
Rolo Tomassi,Illuminare
Bob Dylan,Chimes Of Freedom
Cristian Castro,Azul
Usher,Climax
Garbage,The World Is Not Enough
Miley Cyrus,We Can't Stop
Robbie Williams,Candy
Rihanna,Nobody's Business
Lady Gaga,Beautiful Dirty Rich
James Blunt,You're Beautiful
Fleetwood Mac,Say You Love Me
Architects,Devil's Island
Benny Benassi,Satisfaction
Michael Jackson,Stranger in Moscow
Fanny Lu,No Te Pido Flores
Toby Love,Tengo Un Amor
Misfits,Last Caress
,Without You
Solange,Losing You
Delerium,Silence
The Cars,Let's Go
Britney Spears,Perfume
Dr. Dre,Let Me Ride
The Byrds,Turn Turn Turn
Chris Brown,Deuces
Robyn,Electric
Metallica,For Whom the Bell Tolls
Swedish House Mafia,Antidote
Righteous Brothers,Unchained Melody
Genesis,The Brazilian
Super Furry Animals,Battersea Odyssey
Janet Jackson,Nasty
Selena,Amame
Rihanna,SOS
Ivy Queen,Angel Caido
Blondie,No Exit
Ed Sheeran,Sing
Juanes,La Luz
Alliance Ethnik,Respect
The Byrds,Chimes Of Freedom
Justin Timberlake,Cry Me a River
DecembeRadio,For Your Glory
Blondie,Dreaming
Rupee,Jump
Reba McEntire & Kelly Clarkson,Because Of You
Blondie,Sunday Girl
David Bowie,Changes
Ludacris,My Chick Bad
Lily Allen,Who'd Have Known
Chuck Berry,No Particular Place To Go
Mariah Carey,Oh Santa!
Evanescence,My Immortal
Taio Cruz,Dirty Picture
Christina Aguilera,Hurt
Michael Jackson,You Are Not Alone
Thirty Seconds to Mars,Kings and Queens
The KLF,Last Train to Trancentral
Dead Or Alive,Brand New Lover
I-F,Space Invaders Are Smoking Grass
David Guetta,Play Hard
Metallica,Jump in the Fire
Pink Floyd,See Emily Play
Chicago,25 or 6 to 4
Eminem,The Real Slim Shady
Genesis,Deep In The Motherlode
Pet Shop Boys,It's A Sin
Mariah Carey,Honey
ESG,Dance
Roger Hodgson,Dreamer
David Bowie,Song for Bob Dylan
The xx,Angels
Super Furry Animals,Y Gwyneb Iau
R.E.M.,Losing My Religion
Rihanna,Rockstar 101
Gotye,Somebody That I Used to Know
Liquid Liquid,Optimo
Sasha,Dat Sexy Body
Ivy Queen,Tuya Soy
Laura Pausini,La solitudine
Swervedriver,These Times
Bloc Party,Banquet
Journey,Don't Stop Believin'
Ivy Queen,"Te He Querido, Te He Llorado"
Talking Heads,Once in a Lifetime
Tony Toni Tone,If I Had No Loot
Daddy Yankee,Like You
Lightning Bolt,13 Monsters
Beyoncé,I Care
The Orb,Aftermath
John Denver,Garden Song
Demi Lovato,Here We Go Again
Danny L Harle,In My Dreams
Justin Bieber,Boyfriend
Jennifer Lopez,One Love
Allie X,Catch
Janet Jackson,All Nite
Timbaland,Release
Imagine Dragons,Radioactive
Deborah Harry,Brite Side
The Rolling Stones,Gimme Shelter
Faithless,God Is A DJ
The B-52's,Love Shack
Britney Spears,I Wanna Go
Rihanna,Where Have You Been
Pink,I Don't Believe You
Men at Work,Down Under
Chicago,Look Away
Drake,Take Care
Rihanna,Russian Roulette
Jimi Hendrix Experience,Voodoo Child
Nina,Someday
Taylor Swift,You Belong with Me
The Narrative,Chasing a Feeling
The Cars,Drive
Super Furry Animals,Juxtapozed With U
Inner Circle,Bad Boys
Rick Astley,My Arms Keep Missing You
Twenty 4 Seven,I Can't Stand It
Tegan and Sara,Closer
Tinie Tempah,Wonderman
Cher,Take Me Home
Beast,Shock
Jimmie Rodgers,Waiting for a Train
The Verve,Bitter Sweet Symphony
Mariah Carey,It's Like That
Wu-Tang Clan,C.R.E.A.M
Super Furry Animals,Golden Retriever
Depeche Mode,Precious
Coldplay,Magic
Amy Grant,Every Heartbeat
,Seven Nation Army
Hot Butter,Popcorn
The Saturdays,What About Us
Metallica,Sad But True
Marilyn Manson,Disposable Teens
,Happy
T-ara,Roly Poly
Marilyn Manson,The Beautiful People
2Pac,Temptations
Christina Aguilera,Candyman
Fergie,Fergalicious
Natalie Imbruglia,Torn
Electric Light Orchestra,Sweet Talkin' Woman
Marilyn Manson,We're From America
Tracey Ullman,They Don't Know
Carly Rae Jepsen,Both Sides Now
Lana Del Rey,Ultraviolence
Avril Lavigne,Keep Holding On
The xx,Swept Away
Madonna,Ghosttown
,Daughters
The Bronx,White Guilt
The Poni-Tails,Born Too Late
Green Day,Oh Love
Taylor Swift,The Way I Loved You
Coldplay,In My Place
Kelly Clarkson,People Like Us
Taylor Swift,Wildest Dreams
Dire Straits,Money for Nothing
Led Zeppelin,Four Sticks
Ne-Yo,Let Me Love You
James Brown,It's a Man's Man's Man's World
Miike Snow,Silvia
Dusty Springfield,In Private
Madness,Michael Caine
Sugababes,Get Sexy
Tupac,Changes
RBD,Nuestro Amor
Metallica,Enter Sandman
The Shirelles,Tonight's the Night
Descendents,Mr. Bass
Tinashe,Pretend
Richard Wagner,Ride of the Valkyries
Karnivool,New Day
Thirty Seconds to Mars,Up in the Air
Rise Against,Give It All
Thirty Seconds to Mars,Conquistador
Marilyn Manson,Coma White
Super Furry Animals,Lazer Beam
Jonas Brothers,Burnin' Up
Christina Aguilera,Let There Be Love
Janet Jackson,With U
Coldplay,Princess of China
Kate Bush,Night Of The Swallow
Christina Aguilera,Makes Me Wanna Pray
Edith Piaf,Hymne a l'amour
Dick Dale,Let's Go Trippin'
Adele,Turning Tables
Audioslave,I Am The Highway
Dire Straits,Sultans of Swing
Juan Luis Guerra,Burbujas de amor
The Bronx,Shitty Future
Madonna,True Blue
James Brown,Super Bad
Billy Idol,Heroin
Black Eyed Peas,Imma Be
,Flashdance
Opeth,Deliverance
Kate Bush,Sat In Your Lap
Alexis Jordan,Happiness
Cardigans,My Favourite Game
OneRepublic,Secrets
The Tokens,The Lion Sleeps Tonight
Lily Allen,Alfie
Britney Spears,Anticipating
Metallica,King Nothing
Hasil Adkins,No More Hot Dogs
The Byrds,Chestnut Mare
Roy Orbison,"Oh, Pretty Woman"
Duffy,Warwick Avenue
Daft Punk,Digital Love
Bruno Mars,The Lazy Song
Chiddy Bang,Ray Charles
Daniel Bedingfield,If You're Not The One
Michael Jackson,Beat It
Luis Miguel,Inolvidable
Korpiklaani,Wooden Pints
Aerosmith,Sweet Emotion
Jonas Brothers,Tonight
Led Zeppelin,Dancing Days
Jason Aldean,Don't You Wanna Stay
The Byrds,Ballad Of Easy Rider
,Can't Stop
Kelly Clarkson,Behind These Hazel Eyes
Led Zeppelin,D'Yer Mak'er
Alicia Keys,Put It In A Love Song
Bonnie Tyler,Total Eclipse of the Heart
Fozzy,Enemy
Genesis,The Lady Lies
Green Day,21 Guns
Hooverphonic,Mad About You
Slipknot,Gehenna
,Crazy in Love
Green Day,Holiday
Bruno Mars,Marry You
Luis Miguel,Dame
Lily Allen,Shame For You
Foo Fighters,Everlong
Alexandra Stan,Mr. Saxobeat
Anberlin,Feel Good Drag
Righteous Brothers,You've Lost That Lovin' Feelin'
Alejandro Fernandez,Si Tu Supieras
The Byrds,Kathleen's Song
Black Sabbath,War Pigs
Janet Jackson,Rhythm Nation
,Daughter
Fields of the Nephilim,Moonchild
Calle 13,Tango del Pecado
Michael Jackson,Childhood
Keri Hilson,The Way You Love Me
La Roux,Bulletproof
Britney Spears,Criminal
Exposé,Seasons Change
Amanda Lear,Queen of Chinatown
Katy Perry,Circle the Drain
Rihanna,Te Amo
Coldplay,Midnight
Marie Fredriksson,Sparvöga
,Take My Breath Away
Stryper,To Hell with the Devil
Britney Spears,Womanizer
Within Temptation,Mother Earth
White Town,Your Woman
Jennifer Lopez,Alive
Cheryl Cole,Fight for This Love
The Byrds,Tiffany Queen
Kelis,Trick Me
Norman Greenbaum,Spirit in the Sky
Jason Derulo,Fight for You
Daddy Yankee,Donde Hubo Fuego
Elliott Smith,Shooting Star
The xx,Reunion
Madonna,Don't Tell Me
Black Sabbath,Neon Knights
The Byrds,Space Odyssey
Audioslave,Like A Stone
Jason Derulo,The Other Side
La India,Ese Hombre
Beyonce,Partition
Enter Shikari,Anything Can Happen in the Next Half Hour
Arthur Honegger,Danse de la Chèvre
Coldplay,Don't Panic
Mariah Carey,We Belong Together
The Saturdays,All Fired Up
Nicki Minaj,Only
Britney Spears,Radar
Sugababes,Ugly
Katy Perry,Part of Me
Stereolab,Motoroller Scalatron
Deep Purple,Smoke on the Water
Face to Face,Disconnected
Guitar Slim,The Things That I Used to Do
Pitbull,International Love
Britney Spears,Big Fat Bass
Pink,Family Portrait
Lily Allen,Littlest Things
Miguel,Use Me
Ricky Martin,Hagamos El Amor
Debbie Harry,Free To Fall
Chris Brown,Yeah 3x
Marianne Faithfull,Broken English
Korn,Falling Away from Me
Michelle Branch,Loud Music
Mariah Carey,Hero
Kelly Clarkson,Since U Been Gone
,Crawling
Amy Grant,Lead Me On
Marilyn Manson,Rock Is Dead
,Sanctuary
Big Black,Kerosene
Timbaland,Carry Out
Audioslave,Be Yourself
Enrique Iglesias,Dirty Dancer
Kid Sister,Get Fresh
Cristina,Disco Clone
Rolling Stones,Tumbling Dice
Rihanna,Shut Up and Drive
Ayumi Hamasaki,Bold & Delicious
Jewel,Foolish Games
Justin Bieber,Die In Your Arms
Baauer,Harlem Shake
Marilyn Manson,Lunchbox
Chumbawamba,Tubthumping
Gin Blossoms,Hey Jealousy
Blondie,War Child
Avenged Sevenfold,Bat Country
Led Zeppelin,No Quarter
,Halo
Kelly Rowland,Rose Colored Glasses
Deborah Harry,Sweet And Low
Luis Miguel,"Sol, Arena y Mar"
Avicii,Levels
50 Cent,Hustler's Ambition
Rihanna,Cockiness
Timbaland,The Way I Are
Eagles,Take It to the Limit
Taylor Swift,Back To December
Carly Rae Jepsen,Call Me Maybe
Bruno Mars,Liquor Store Blues
Madonna,Rescue Me
Debbie Harry,Chrome
Marilyn Manson,The Devil Beneath My Feet
Lana Del Rey,Blue Jeans
The Saturdays,Gentleman
Meghan Trainor,Lips Are Movin
Tove Lo,Timebomb
My Chemical Romance,Welcome to the Black Parade
Beyonce,Party
Madonna,You'll See
The Byrds,Old John Robertson
Kris Allen,The Truth
Marilyn Manson,mOBSCENE
Thirty Seconds to Mars,City of Angels
Coheed and Cambria,The Crowing
Britney Spears,Stronger
"10,000 Maniacs",Like The Weather
Britney Spears,My Only Wish
Bob Dylan,Just Like Tom Thumb's Blues
Mariah Carey,Anytime You Need A Friend
N.W.A,Straight Outta Compton
Toto,Africa
The KLF,What Time Is Love
Ivy Queen,Menor Que Yo
Nick Jonas,Haven't Met You Yet
Miley Cyrus,Hoedown Throwdown
Christina Aguilera,Beautiful
Roy Orbison,Running Scared
Cheryl Cole,3 Words
Fleetwood Mac,Dreams
Nirvana,Milk It
Marilyn Manson,Get Your Gunn
Travis,Sing
Elliott Smith,Son of Sam
Magnapop,Lay It Down
Sufjan Stevens,Casimir Pulaski Day
Adele,Rumour Has It
Swervedriver,Rave Down
Lil Wayne,Mirror
Lena Philipsson,Lena Anthem
Don Omar,Danza Kuduro
Duffy,Mercy
Ariana Grande,Break Free
Nicola Roberts,Beat of My Drum
Gwen Stefani,4 In The Morning
Rihanna,Disturbia
Vanessa Hudgens,Come Back To Me
Kikki Danielsson,Bra vibrationer
The Police,Roxanne
Azealia Banks,Chasing Time
TLC,Creep
Rihanna,California King Bed
Pavement,Box Elder
Rihanna,Diamonds
The Rasmus,In the Shadows
Marilyn Manson,The Nobodies
David Guetta,Titanium
Taylor Swift,Shake It Off
Toby Love,Lejos
Fleetwood Mac,The Chain
Jason Derulo,Don't Wanna Go Home
OneRepublic,All the Right Moves
Simon and Garfunkel,Mrs Robinson
Fifth Harmony,Sledgehammer
Richard Marx,Hold On to the Nights
Ke$ha,Die Young
Björk,Who Is It
3OH!3,Don't Trust Me
Frida,I Know There's Something Going On
The Byrds,Time Between
Ciara,I Bet
Flyleaf,Again
Florida Georgia Line,Cruise
Afrojack,Take Over Control
Britney Spears,Crazy
Queensryche,I Am I
Bloc Party,The Prayer
Bridgit Mendler,Hurricane
Tony Yayo,So Seductive
Camera Obscura,"Lloyd, I'm Ready to Be Heartbroken"
Swedish House Mafia,One
Garbage,Stupid Girl
Monica,Everything to Me
Eminem,Without Me
Midnight Oil,Beds Are Burning
Jack Johnson,Good people
,Human
,Don't Stop
2NE1,Fire
Radiohead,2 + 2 = 5
Billy Idol,Rebel Yell
Pink,So What
Coldplay,Violet Hill
Opeth,Bleak
Stateless,Exit
Harry Belafonte,Jump In The Line
Alejandro Fernandez,No Se Olvidar
Christina Aguilera,Falsas Esperanzas
Europe,Seven Doors Hotel
Madonna,Like a Virgin
U2,With or Without You
Pitbull,Rain Over Me
Genesis,Duchess
Ladyhawke,My Delirium
Paramore,Now
Lady Gaga,Alejandro
The Cranberries,Zombie
Saxon,Denim and Leather
Ricardo Arjona,Vida
R.E.M.,Radio Free Europe
Gabriella Cilmi,Sweet About Me
Marc Anthony,Hasta Que Te Conoci
David Guetta,Turn Me On
Anberlin,Paperthin Hymn
Duffy,Stepping Stone
Madonna,Masterpiece
Queen,Crazy Little Thing Called Love
Culture Beat,Mr Vain
Cascada,Evacuate The Dancefloor
Aventura,Mi Corazoncito
Janet,Feedback
Shara Nelson,Down That Road
AFI,Medicate
The Rembrandts,I'll Be There for You
Hilary Duff,Chasing the Sun
Christina Aguilera,Keeps Gettin' Better
Walk the Moon,Work This Body
Luis Miguel,Que Seas Feliz
Tiesto,Just Be
Elliott Smith,Condor Ave
Ke$ha,We R Who We R
David Bowie,Heroes
Cat Stevens,Was Dog A Doughnut
Jordin Sparks & Chris Brown,No Air
Dave Brubeck Quartet,Take Five
Panic at the Disco,New Perspective
Cher,Love One Another
Sneaker Pimps,6 Underground
Michael Jackson,Tabloid Junkie
Jonas Brothers,Hold On
The 1975,Sex
Ciara,Work
Descendents,Hope
Marilyn Manson,The Fight Song
Lady Gaga,G.U.Y.
Nirvana,In Bloom
Linkin Park,Powerless
Kelly Clarkson,Take You High
Led Zeppelin,The Song Remains the Same
Janet Jackson,I Want You
Michael Jackson,This Is It
Mariah Carey,All I Want For Christmas Is You
Slipknot,Surfacing
Architects,Colony Collapse
Alicia Keys,Fallin'
Pitbull,I Know You Want Me
New Order,Blue Monday
Phillip Phillips,Home
Dick Dale,Misirlou
Big Bang,Fantastic Baby
Shara Nelson,Nobody
Phuture,Acid Tracks
Kanye West,Power
Fall Out Boy,America's Suitehearts
Lorde,Ribs
Marilyn Manson,Personal Jesus
Carrie Underwood,See You Again
Tinashe,All Hands On Deck
Fifth Harmony,Miss Movin' On
The Byrds,Wasn't Born To Follow
Duffy,Rockferry
Miike Snow,Paddling Out
Britney Spears,Toxic
David Bowie,Kooks
Morcheeba,Enjoy The Ride
Ivy Queen,Rebulera
T.I.,Whatever You Like
Petula Clark,Downtown
Michael Jackson,Earth Song
Mariah Carey,Can't Let Go
Daft Punk,One More Time
Boyz II Men,I'll Make Love To You
Miike Snow,Animal
R.E.M.,Harborcoat
Juan Luis Guerra,La bilirrubina
Porcupine Tree,Way Out of Here
Ricky Martin,"Lola, Lola"
Red Hot Chili Peppers,Under the Bridge
Black Sabbath,Heaven and Hell
Super Furry Animals,Cloudberries
,End Of The Road
Michael Jackson,Human Nature
Alex Lloyd,Amazing
Soda Stereo,En Remolinos
Jonas Brothers,Pushin' Me Away
The Reverend Horton Heat,Psychobilly Freakout
Otto Knows,Million Voices
Fall Out Boy,"This Ain't A Scene, It's An Arms Race"
Jadakiss,Checkmate
Peaches,Fuck the Pain Away
Queensryche,Jet City Woman
Juan Gabriel,Hasta Que Te Conocí
Michael Jackson,You Rock My World
Giuseppe Di Stefano,Firenze Sogna
Guns N' Roses,Welcome to the Jungle
Red Hot Chili Peppers,Monarchy of Roses
Pink,Stupid Girls
Blondie,Good Boys
Beyonce,Haunted
Luis Miguel,Suave
Linkin Park,Somewhere I Belong
Kim Carnes,Bette Davis Eyes
Harvey Danger,Flagpole Sitta
The Low Anthem,Charlie Darwin
Taylor Swift,22
Marilyn Manson,Sweet Dreams
Bloc Party,Ion Square
Avril Lavigne,Hello Kitty
Hall & Oates,Out of Touch
Blur,Song 2
Rush,Lock And Key
Bob Seger,Night Moves
Nine Inch Nails,The Great Destroyer
Madonna,Turn Up the Radio
Eagles,Take It Easy
My Bloody Valentine,In Another Way
Rihanna,Rehab
Television,See No Evil
Billy Idol,Eyes Without a Face
Madonna,One More Chance
Cher,All or Nothing
The Moody Blues,Ride My See-Saw
Deborah Harry,I Want That Man
Whitney Houston,My Name Is Not Susan
Björk,Isobel
Eminem,Just Lose It
Janet Jackson,Runaway
Hannah Diamond,Every Night
ABBA,Gimme! Gimme! Gimme!
Celine Dion,My Heart Will Go On
Big Boi,Tangerine
Led Zeppelin,Over the Hills and Far Away
The Innocence Mission,Pioneering
Phoenix,Entertainment
Justin Timberlake,My Love
Garbage,Only Happy When it Rains
Jason Derulo,Ridin' Solo
The Script,Hall of Fame
Rihanna,Watch n' Learn
Darius Rucker,This
Vicente Fernandez,El Último Beso
Meg & Dia,Indiana
Taylor Swift,Mean
All,Guilty
Girls' Generation,The Boys
Mariah Carey,Obsessed
Kate Bush,Cloudbusting
Lana Del Rey,Born to Die
Coldplay,God Put a Smile upon Your Face
Green Day,American Idiot
Anthrax,Caught in a Mosh
Madonna,Erotica
Black Lace,Agadoo
Michael Jackson,Dirty Diana
Passenger,Let Her Go
Drake,Cece's Interlude
Bob Dylan,Like a Rolling Stone
Michael Jackson,They Don't Care About Us
The Juan MacLean,Happy House
La Dispute,King Park
Dev,In the Dark
Eagles,Hotel California
Selena,Baila Esta Cumbia
Rihanna,Wait Your Turn
The Police,Every Breath You Take
Eminem,Sing for the Moment
Janet Jackson,All For You
All,Dot
Avril Lavigne,Wish You Were Here
Cyndi Lauper,Into the Nightlife
The Bronx,History's Stranglers
Dannii Minogue,I Begin To Wonder
Alice Deejay,Better Off Alone
Mariah Carey & Trey Lorenz,I'll Be There
Lorde,No Better
Electric Light Orchestra,Livin' Thing
Vytas Brenner,Morrocoy
Michael Jackson,The Way You Make Me Feel
Mariah Carey,Butterfly
Butthole Surfers,Pepper
Michael Jackson,Leave Me Alone
Bruno Mars,It Will Rain
Rhapsody,Wisdom of the Kings
Fall Out Boy,Thnks fr th Mmrs
Britney Spears,Kill The Lights
Hoagy Carmichael,Star Dust
Ricky Martin,Private Emotion
Howlin' Wolf,How Many More Years
Jessica Simpson,Sweetest Sin
Kenny Loggins,This Is It
Little Mix,Black Magic
Queensryche,I Don't Believe In Love
Luis Miguel,Ayer
Avenged Sevenfold,Carry On
Thirty Seconds to Mars,Do or Die
Lily Allen,LDN
Ricky Martin,Tu Recuerdo
Siti Nurhaliza,Galau
Miike Snow,Black & Blue
Kyu Sakamoto,Sukiyaki
,Love Story
Simple Plan,When I'm Gone
Kasey Chambers,Not Pretty Enough
Roxette,Wish I Could Fly
,This Love
Bebo Norman,Britney
Boston,More Than a Feeling
Strapping Young Lad,Far Beyond Metal
Iggy Azalea,Impossible Is Nothing
Ricky Martin,She's All I Ever Had
Katy Perry,Peacock
Aaliyah,More Than a Woman
Stereophonics,Violins and Tambourines
King Crimson,The Sheltering Sky
Marilyn Manson,Antichrist Superstar
The Narrative,Eyes Closed
Breathe,Say Hello
Pitbull,Give Me Everything
Boston,Long Time
Ke$ha,C'Mon
Prince Royce,Corazon Sin Cara
The Box Tops,The Letter
Azealia Banks,Wallace
Mariah Carey,Loverboy
Sum 41,In Too Deep
Starship,We Built This City
Little Mix,Wings
Metallica,Seek and Destroy
Gorillaz,Clint Eastwood
Sublime,Badfish
Natalia Kills,Problem
The Saturdays,Notorious
Don Henley,Dirty Laundry
Destiny's Child,Lose My Breath
Stereophonics,Take Me
Katy Perry,Roar
Luis Miguel,O Tu O Ninguna
Lindsay Lohan,Bossy
Metallica,Purify
Dr. Dre,Still D.R.E.
Crayon Pop,Bar Bar Bar
Azealia Banks,Ice Princess
Bruno Mars,Just the Way You Are
The Police,Walking on the Moon
Ricky Martin,La Bomba
The Byrds,Everybody's Been Burned
The Police,Every Little Thing She Does Is Magic
Sara Montiel,La Violetera
Girls' Generation,Genie
Deftones,When Girls Telephone Boys
Lily Allen,Fuck You
Sister Rosetta Tharpe,Strange Things Happening Every Day
Porcupine Tree,Pure Narcotic
Christina Aguilera,Slow Down Baby
Glen Campbell,Gentle on My Mind
Bob Marley & The Wailers,Simmer Down
Joan Osborne,One Of Us
,Flatline
Sully Erna,Sinner's Prayer
S Club 7,Bring It All Back
Girls Aloud,Love Machine
The Gaslight Anthem,The '59 Sound
Bloc Party,Helicopter
Fanny Lu,Y Si Te Digo
Blondie,X-Offender
Keri Hilson,Make Love
Zero 7,Destiny
Cake,The Distance
Marvin Gaye,What's Going On
Lily Allen,22
Buena Vista Social Club,Buena Vista Social Club
Madonna,Deeper and Deeper
Notorious B.I.G.,Juicy
Thelonious Monk Quartet,In Walked Bud
Lucky Soul,Lips Are Unhappy
Descendents,Cameage
The Black Crowes,Virtue and Vice
2NE1,Go Away
Daniel Padilla,Simpleng Tulad Mo
Jason Derulo,Breathing
Nina,Jealous
Dinosaur Jr,Freak Scene
Smash Mouth,Walkin' on the Sun
Taylor Swift,Welcome to New York
Amy Grant,Baby Baby
Ivy Queen,Dile
Daddy Yankee,Gasolina
Skrillex,Try It Out
Led Zeppelin,The Rain Song
Miley Cyrus,The Climb
Nicki Minaj,Anaconda
,Lemonade
Debbie Harry,The Jam Was Moving
Amy Winehouse,Rehab
Marilyn Manson,Putting Holes In Happiness
Luis Miguel,Tu Mirada
Björk,Mutual Core
Sugababes,Stronger
Nicola Roberts,Lucky Day
Nizlopi,JCB
Icona Pop,I Love It
Jim Jones,We Fly High
Madonna,Nobody Knows Me
Descendents,Silly Girl
Leona Lewis,Hurt
Darude,Sandstorm
Miley Cyrus,Adore You
Lorde,Yellow Flicker Beat
Jordin Sparks,Tattoo
Moby,Porcelain
Frank Mills,Music Box Dancer
Mineral,If I Could
Queensryche,Eyes of a Stranger
Miley Cyrus,I Miss You
Cher,Heart of Stone
Taylor Swift,Our Song
Luna Sea,Storm
Geri Halliwell,Mi Chico Latino
Tony Yayo,Pimpin'
OneRepublic,Counting Stars
Michael Jackson,Smooth Criminal
Kesha,Take It Off
The Rolling Stones,Street Fighting Man
Eva Cassidy,Stormy Monday
One World Orchestra,The Magnificent
Daft Punk,Aerodynamic
Britney Spears,Born to Make You Happy
Florida Georgia Line,Get Your Shine On
TLC,Waterfalls
Sugababes,Gotta Be You
,River
Britney Spears,Overprotected
Led Zeppelin,Black Dog
Powderfinger,The Metre
Marilyn Manson,The Love Song
Red Hot Chili Peppers,Knock Me Down
Nicole Scherzinger,Baby Love
Marilyn Manson,Man That You Fear
Flo Rida,Sugar
S Club 7,Natural
Descendents,All-O-Gistics
Ricardo Arjona,Te Quiero
Descendents,Myage
Ice Cube,It Was a Good Day
Shara Nelson,Rough With The Smooth
Metallica,Creeping Death
Slipknot,Vermilion
Super Furry Animals,Slow Life
Kinks,Waterloo Sunset
The xx,Heart Skipped a Beat
Sak Noel,Loca People
Rihanna,Don't Stop the Music
Nicki Minaj,Starships
Luis Enrique,Yo No Se Mañana
Inner City,Big Fun
Eminem,Lose Yourself
Gin Blossoms,Found Out About You
Kid Rock,All Summer Long
Neil Young,Heart of Gold
Loreen,Euphoria
Green Day,Last of the American Girls
Shakira,She Wolf
Genesis,Behind The Lines
Hank Williams,My Bucket's Got a Hole in It
,Pyramids
Monica,Everytime Tha Beat Drop
Radiohead,True Love Waits
Queensryche,Empire
Selena Gomez,Come & Get It
Mariah Carey,Subtle Invitation
Nicky Jam,Travesuras
Leona Lewis,Happy
Deftones,Change
Wiz Khalifa,Black and Yellow
Rihanna,Talk That Talk
Dead or Alive,You Spin Me Round
Lady Gaga,Do What U Want
Jimmy Eat World,Work
Super Furry Animals,Some Things Come From Nothing
Blondie,Picture This
Jessie J,Price Tag
Madonna,don't cry for me argentina
Silent Civilian,Rebirth of the Temple
Hank Williams,Your Cheatin' Heart
Metallica,Fade to Black
Pendulum,The Other Side
Rihanna,What's My Name
Ayumi Hamasaki,Boys & Girls
Duran Duran,Hungry Like the Wolf
BØRNS,Electric Love
N.W.A,Fuck Tha Police
Lady Gaga,Christmas Tree
Pia Mia,Do It Again
Simple Minds,Alive and Kicking
Rites of Spring,Remainder
A Great Big World & Christina Aguilera,Say Something
,Billionaire
Madness,Baggy Trousers
2NE1,I Don't Care
Debbie Harry,Two Times Blue
Jem,They
Metallica,Damage Inc
Nicki Minaj,Stupid Hoe
Gorillaz,Stylo
Aerosmith,Janie's Got a Gun
Thriving Ivory,Angels on the Moon
Christina Aguilera,Oh Mother
Crayon Pop,Uh-ee
,"Tonight, Tonight"
Everything But The Girl,Missing
Cristian Castro,Por Amarte Así
Marilyn Manson,The Dope Show
Zion,The Way She Moves
All,Mary
Marilyn Manson,Dope Hat
Kelly Clarkson,Don't Rush
Jennifer Lopez,Play
Chuck Berry,Johnny B. Goode
Kim Wilde,Cambodia
Lily Allen,Smile
Tristania,Angina
The Monkees,I'm a Believer
Nu Shooz,Point Of No Return
Walk the Moon,Different Colors
Lucio Battisti,Balla Linda
Taylor Swift,All Too Well
Audioslave,Original Fire
Godflesh,Carrion
Ivy Queen,Indecisiones
Macklemore,Can't Hold Us
Selena Gomez,Slow Down
Tracy Chapman,Give Me One Reason
Mark Ronson,Bang Bang Bang
Bon Iver,Flume
Amy Grant,Angels
Opeth,Windowpane
Rolo Tomassi,Ex Luna Scientia
The Beatles,Ticket to Ride
Keri Hilson,Breaking Point
Britney Spears,Freakshow
Lady Gaga,Bloody Mary
Ricky Martin,Tal Vez
Iggy Azalea,Change Your Life
,One
Little Mix,DNA
Status Quo,Whatever You Want
Mariah Carey & Whitney Houston,When You Believe
Timbaland,Scream
Luis Miguel,La Bikina
,Ghost Town
Enrique Iglesias,I Like How It Feels
R.E.M.,Imitation of Life
Madonna,Music
Taylor Swift,Enchanted
Tears For Fears,Everybody Wants To Rule The World
Bruno Mars,Gorilla
Agnes,Release Me
Coldplay,Speed of Sound
Mariah Carey,Bringin' On The Heartbreak
Dia Frampton,The Broken Ones
Leona Lewis,Homeless
ZZ Top,Tush
Maroon 5,One More Night
Kelly Clarkson,Sober
The Postal Service,Such Great Heights
Dannii Minogue,So Under Pressure
N.W.A,Gangsta Gangsta
The Beach Boys,I Get Around
OneRepublic,Stop and Stare
Michael Jackson,I Just Can't Stop Loving You
Hilary Duff,With Love
Wisin,Adrenalina
Adele,Rolling in the Deep
Janet Jackson,Just A Little While
Kraftwerk,Autobahn
Melanie Amaro,Don't Fail Me Now
Genesis,Many Too Many
Ciara,Body Party
Avril Lavigne,Sk8er Boi
Michael Jackson,Cry
Devlin,Off With Their Heads
Kelly Clarkson,Heartbeat Song
Bruce Springsteen,Born in the U.S.A.
Blondie,The Hardest Part
Sugababes,Wear My Kiss
The Byrds,I'll Feel A Whole Lot Better
Queens of the Stone Age,Feel Good Hit of the Summer
Dannii Minogue,You Won't Forget About Me
Magnapop,"Slowly, Slowly"
Third Eye Blind,Blinded
,Ease Back
Mobb Deep,Survival of the Fittest
Nightwish,Nemo
Gala,Freed From Desire
Blondie,I'm Gonna Love You Too
"Crosby, Stills & Nash",Marrakesh Express
Shakira,Gypsy
Lana Del Rey,Shades of Cool
Ariana Grande,Tattooed Heart
Eraserheads,Ligaya
Cher,All I Really Want To Do
Kendrick Lamar,Institutionalized
Jennifer Lopez,Booty
Carly Rae Jepsen,This Kiss
Anastacia,Left Outside Alone
Taylor Swift,White Horse
Empire of the Sun,Walking on a Dream
TLC,Kick Your Game
Maroon 5,Lucky Strike
Jennifer Lopez,I'm Into You
Azealia Banks,Yung Rapunxel
Rihanna,S&M
The Beach Boys,God only knows
Super Furry Animals,The Gift That Keeps Giving
Ed Sheeran,I See Fire
The Fray,How to Save a Life
Sia,Chandelier
Yello,The Rhythm Divine
,Breakaway
Jonas Brothers,Lovebug
White Lies,Bigger Than Us
T.S. Monk,Bon Bon Vie
Rick Springfield,Jessie's Girl
Silvio Rodríguez,Fusil contra fusil
Livvi Franc,Now I'm That Bitch
Michael Jackson,Billie Jean
Jennifer Lopez,Papi
Leona Lewis,Trouble
Amy Grant,El Shaddai
Kelis,Scream
David Bowie,Quicksand
Cheryl,Call My Name
Enter Shikari,Sssnakepit
A. G. Cook,Beautiful
Eric Johnson,Cliffs Of Dover
Nicole Scherzinger,Poison
Ricky Martin,One Night Man
